<?xml version="1.0" encoding="utf-8"?>
<!--/277533/264627/2.49/3/3/Transistor/-->
<quadcept_library>
  <setting unit="mil" />
  <textstyle name="Default" height="47.244094488189" strokewidth="7.8740157480315" charwidth="47.244094488189" />
  <textstyle name="Dimension" height="19.6850393700787" strokewidth="0" charwidth="19.6850393700787" />
  <textstyle name="H127W0635TH00762" height="50" strokewidth="3" charwidth="25" />
  <textstyle name="H15W15TH02" height="59.0551181102362" strokewidth="7.8740157480315" charwidth="59.0551181102362" />
  <padstyle name="r62_57.5" surface="True" plated="False" isvia="False" nopaste="False" nomask="True" complex="False" holesize="0">
    <padshape layer="TOP" shape="rectangle" width="22.63779527559" height="24.409448818897" />
    <padshape layer="TOP_SOLDER_MASK" shape="rectangle" width="30.511811023622" height="32.283464566929" />
    <padshape layer="TOP_SOLDER_PASTE" shape="rectangle" width="22.63779527559" height="24.409448818897" />
  </padstyle>
  <footprint name="SOTFL95P240X88-3N" originx="0" originy="0" pickpointx="0" pickpointy="0">
    <pcbpin number="1" name="1" style="r62_57.5" originx="-46.771653543307" originy="37.401574803149" rotation="0" />
    <pcbpin number="2" name="2" style="r62_57.5" originx="-46.771653543307" originy="-37.401574803149" rotation="0" />
    <pcbpin number="3" name="3" style="r62_57.5" originx="46.771653543307" originy="0" rotation="0" />
    <line layer="TOP_PLACE_BOUND" originx="-63.976377952755" originy="66.929133858267" endx="63.976377952755" endy="66.929133858267" width="1.9685039370079" />
    <line layer="TOP_PLACE_BOUND" originx="63.976377952755" originy="66.929133858267" endx="63.976377952755" endy="-66.929133858267" width="1.9685039370079" />
    <line layer="TOP_PLACE_BOUND" originx="63.976377952755" originy="-66.929133858267" endx="-63.976377952755" endy="-66.929133858267" width="1.9685039370079" />
    <line layer="TOP_PLACE_BOUND" originx="-63.976377952755" originy="-66.929133858267" endx="-63.976377952755" endy="66.929133858267" width="1.9685039370079" />
    <line layer="TOP_ASSEMBLY" originx="-35.433070866141" originy="57.086614173228" endx="35.433070866141" endy="57.086614173228" width="3.9370078740157" />
    <line layer="TOP_ASSEMBLY" originx="35.433070866141" originy="57.086614173228" endx="35.433070866141" endy="-57.086614173228" width="3.9370078740157" />
    <line layer="TOP_ASSEMBLY" originx="35.433070866141" originy="-57.086614173228" endx="-35.433070866141" endy="-57.086614173228" width="3.9370078740157" />
    <line layer="TOP_ASSEMBLY" originx="-35.433070866141" originy="-57.086614173228" endx="-35.433070866141" endy="57.086614173228" width="3.9370078740157" />
    <line layer="TOP_ASSEMBLY" originx="-35.433070866141" originy="19.685039370078" endx="1.9685039370079" endy="57.086614173228" width="3.9370078740157" />
    <line layer="TOP_SILKSCREEN" originx="-21.653543307086" originy="57.086614173228" endx="21.653543307086" endy="57.086614173228" width="7.8740157480314" />
    <line layer="TOP_SILKSCREEN" originx="21.653543307086" originy="57.086614173228" endx="21.653543307086" endy="-57.086614173228" width="7.8740157480314" />
    <line layer="TOP_SILKSCREEN" originx="21.653543307086" originy="-57.086614173228" endx="-21.653543307086" endy="-57.086614173228" width="7.8740157480314" />
    <line layer="TOP_SILKSCREEN" originx="-21.653543307086" originy="-57.086614173228" endx="-21.653543307086" endy="57.086614173228" width="7.8740157480314" />
    <line layer="TOP_SILKSCREEN" originx="-58.070866141732" originy="59.448818897637" endx="-35.433070866141" endy="59.448818897637" width="7.8740157480314" />
  </footprint>
  <symbol name="SSM3J328R,LF" originx="0" originy="0">
    <line originx="200" originy="100" endx="1100" endy="100" width="0" />
    <line originx="1100" originy="-200" endx="1100" endy="100" width="0" />
    <line originx="1100" originy="-200" endx="200" endy="-200" width="0" />
    <line originx="200" originy="100" endx="200" endy="-200" width="0" />
    <sympin number="1" originx="200" originy="0" rotation="180" length="100" width="7.8740157480315" flipped="False">
      <text name="pinname" originx="230" originy="0" style="Default" rotation="0" justify="left" flipped="False" hidden="False" data="GATE" />
      <text name="pindes" originx="140" originy="20" style="Default" rotation="0" justify="lowerright" flipped="False" hidden="False" data="1" />
    </sympin>
    <sympin number="2" originx="200" originy="-100" rotation="180" length="100" width="7.8740157480315" flipped="False">
      <text name="pinname" originx="230" originy="-100" style="Default" rotation="0" justify="left" flipped="False" hidden="False" data="SOURCE" />
      <text name="pindes" originx="140" originy="-80" style="Default" rotation="0" justify="lowerright" flipped="False" hidden="False" data="2" />
    </sympin>
    <sympin number="3" originx="1100" originy="0" rotation="0" length="100" width="7.8740157480315" flipped="False">
      <text name="pinname" originx="1070" originy="0" style="Default" rotation="0" justify="right" flipped="False" hidden="False" data="DRAIN" />
      <text name="pindes" originx="1160" originy="20" style="Default" rotation="0" justify="lowerleft" flipped="False" hidden="False" data="3" />
    </sympin>
  </symbol>
  <component name="SSM3J328R,LF" designatorprefix="Q" height="34.645669291338" footprint="SOTFL95P240X88-3N">
    <comppin designator="1" sympin="1" pinswap="0" gateswap="0" gate="1" group="1" side="" type="Input" name="GATE" />
    <comppin designator="2" sympin="2" pinswap="0" gateswap="0" gate="1" group="1" side="" type="Bi-Directional" name="SOURCE" />
    <comppin designator="3" sympin="3" pinswap="0" gateswap="0" gate="1" group="1" side="" type="Bi-Directional" name="DRAIN" />
    <attached_symbol gate="1" name="SSM3J328R,LF" />
    <pinmap designator="1" footprintpin="1" />
    <pinmap designator="2" footprintpin="2" />
    <pinmap designator="3" footprintpin="3" />
    <text name="Datasheet" originx="0" originy="0" style="Default" rotation="0" justify="" flipped="False" hidden="True" data="https://componentsearchengine.com/Datasheets/1/SSM3J328R,LF.pdf" />
    <text name="Description" originx="0" originy="0" style="Default" rotation="0" justify="" flipped="False" hidden="True" data="MOSFET P-Ch Sm Sig FET Id -6A -20V -8VGSS" />
    <text name="Mouser Part Number" originx="0" originy="0" style="Default" rotation="0" justify="" flipped="False" hidden="True" data="757-SSM3J328RLF" />
    <text name="Mouser Price/Stock" originx="0" originy="0" style="Default" rotation="0" justify="" flipped="False" hidden="True" data="https://www.mouser.co.uk/ProductDetail/Toshiba/SSM3J328RLF?qs=QrGA9tEX17OX95NexLXLZg%3D%3D" />
    <text name="Manufacturer_Name" originx="0" originy="0" style="Default" rotation="0" justify="" flipped="False" hidden="True" data="Toshiba" />
    <text name="Manufacturer_Part_Number" originx="1150" originy="200" style="Default" rotation="0" justify="left" flipped="False" hidden="False" data="SSM3J328R,LF" />
  </component>
</quadcept_library>
